{"Month-to-month": {"timeline": [0.0, 1.0, 2.0, 3.0, 4.0, 5.0, 6.0, 7.0, 8.0, 9.0, 10.0, 11.0, 12.0, 13.0, 14.0, 15.0, 16.0, 17.0, 18.0, 19.0, 20.0, 21.0, 22.0, 23.0, 24.0, 25.0, 26.0, 27.0, 28.0, 29.0, 30.0, 31.0, 32.0, 33.0, 34.0, 35.0, 36.0, 37.0, 38.0, 39.0, 40.0, 41.0, 42.0, 43.0, 44.0, 45.0, 46.0, 47.0, 48.0, 49.0, 50.0, 51.0, 52.0, 53.0, 54.0, 55.0, 56.0, 57.0, 58.0, 59.0, 60.0, 61.0, 62.0, 63.0, 64.0, 65.0, 66.0, 67.0, 68.0, 69.0, 70.0, 71.0, 72.0], "survival_probability": [1.0, 0.9019354838709666, 0.8685713158647337, 0.8417230081727618, 0.8175050128498966, 0.7983233309841447, 0.7858348940504861, 0.7698756151298826, 0.7564380245720602, 0.7412958043292921, 0.7257296301833199, 0.7150936316950445, 0.7030966363488644, 0.6892664526460961, 0.6804493623174757, 0.6659966491109621, 0.6547832358968269, 0.6449430369854153, 0.6357295650284809, 0.6287769518771098, 0.6207557008963952, 0.6138939945489775, 0.6031403297548981, 0.5973455467628572, 0.5859154739046663, 0.5766965241404322, 0.5687965717549469, 0.5617273983010134, 0.5561380709547346, 0.5475468546166075, 0.5386484766975947, 0.5300790691137696, 0.5187202319184743, 0.5134938315968774, 0.5060909061085871, 0.4976910570445439, 0.49110396952483704, 0.4806549488966491, 0.47371129794950645, 0.46655793942342333, 0.45763248319097527, 0.4491734724111053, 0.4386459691514699, 0.42861456445154034, 0.42482151520860606, 0.421871365797435, 0.41466868394235656, 0.4006304212047246, 0.397263779009727, 0.3856478790386823, 0.3757910642389718, 0.36812185884633986, 0.36145298459187736, 0.35284696114921343, 0.3453713899384248, 0.33590916007709815, 0.3307413268451428, 0.32134526642340605, 0.31310564420742126, 0.3043474443694515, 0.29715813465993696, 0.2889037420304941, 0.28583029796634, 0.27910487919066146, 0.27910487919066146, 0.2610981127912639, 0.23271788314003955, 0.22606880076460992, 0.20095004512409773, 0.16548827245513925, 0.1504438840501266, 0.1289519006143942, 0.1289519006143942]}, "One year": {"timeline": [0.0, 0.5, 1.0, 2.0, 3.0, 4.0, 5.0, 6.0, 7.0, 8.0, 9.0, 10.0, 11.0, 12.0, 13.0, 14.0, 15.0, 16.0, 17.0, 18.0, 19.0, 20.0, 21.0, 22.0, 23.0, 24.0, 25.0, 26.0, 27.0, 28.0, 29.0, 30.0, 31.0, 32.0, 33.0, 34.0, 35.0, 36.0, 37.0, 38.0, 39.0, 40.0, 41.0, 42.0, 43.0, 44.0, 45.0, 46.0, 47.0, 48.0, 49.0, 50.0, 51.0, 52.0, 53.0, 54.0, 55.0, 56.0, 57.0, 58.0, 59.0, 60.0, 61.0, 62.0, 63.0, 64.0, 65.0, 66.0, 67.0, 68.0, 69.0, 70.0, 71.0, 72.0], "survival_probability": [1.0, 1.0, 1.0, 0.9986348122866899, 0.9986348122866899, 0.997947047264454, 0.9972564264704988, 0.9972564264704988, 0.9965609896319563, 0.9958591861181306, 0.9951534035624126, 0.9951534035624126, 0.9944348812493706, 0.9908082040748656, 0.9900737280155071, 0.989331543811598, 0.989331543811598, 0.989331543811598, 0.9878083235747827, 0.9862563859100931, 0.9839062912653509, 0.9839062912653509, 0.9823103362105818, 0.9790896465836618, 0.9782723764279155, 0.9782723764279155, 0.9748755973430957, 0.9748755973430957, 0.9748755973430957, 0.9730785916337071, 0.9730785916337071, 0.9721465240172004, 0.9702496527508245, 0.9692880574557302, 0.9643926632261558, 0.9633953595413302, 0.9603498526091653, 0.9593071274706106, 0.9582435940698666, 0.9539027397365943, 0.9494762769071906, 0.9472156191050304, 0.9425894133951156, 0.9402061278998047, 0.9365429871417538, 0.9340355092645337, 0.9301651963808414, 0.9248801668559502, 0.923522046199774, 0.9165468041589897, 0.9107641744797536, 0.9092759977240679, 0.9061459598661544, 0.9028267438959483, 0.8906498899320339, 0.8777419205127298, 0.8739256512931093, 0.8619540670288203, 0.8598099026829775, 0.8464102678359697, 0.8392975765096171, 0.8318260847306003, 0.8265109020805645, 0.8148287691889662, 0.8084876892730982, 0.8016360986860379, 0.7900181842123272, 0.7691182322490382, 0.7391525868367375, 0.7145141672755129, 0.6919505619931284, 0.6438984396324943, 0.6438984396324943, 0.5681456820286713]}, "Two year": {"timeline": [0.0, 0.5, 1.0, 2.0, 3.0, 4.0, 5.0, 6.0, 7.0, 8.0, 9.0, 10.0, 11.0, 12.0, 13.0, 14.0, 15.0, 16.0, 17.0, 18.0, 19.0, 20.0, 21.0, 22.0, 23.0, 24.0, 25.0, 26.0, 27.0, 28.0, 29.0, 30.0, 31.0, 32.0, 33.0, 34.0, 35.0, 36.0, 37.0, 38.0, 39.0, 40.0, 41.0, 42.0, 43.0, 44.0, 45.0, 46.0, 47.0, 48.0, 49.0, 50.0, 51.0, 52.0, 53.0, 54.0, 55.0, 56.0, 57.0, 58.0, 59.0, 60.0, 61.0, 62.0, 63.0, 64.0, 65.0, 66.0, 67.0, 68.0, 69.0, 70.0, 71.0, 72.0], "survival_probability": [1.0, 1.0, 1.0, 1.0, 1.0, 1.0, 1.0, 1.0, 1.0, 1.0, 1.0, 1.0, 1.0, 1.0, 1.0, 1.0, 1.0, 1.0, 1.0, 1.0, 1.0, 1.0, 1.0, 1.0, 1.0, 1.0, 0.9993493819128172, 0.9993493819128172, 0.9993493819128172, 0.9993493819128172, 0.9993493819128172, 0.9993493819128172, 0.9993493819128172, 0.9993493819128172, 0.9986759658872691, 0.9986759658872691, 0.9986759658872691, 0.9986759658872691, 0.9986759658872691, 0.9986759658872691, 0.9979721773277996, 0.9979721773277996, 0.9979721773277996, 0.9979721773277996, 0.9972442618082321, 0.9972442618082321, 0.9972442618082321, 0.9964950174342213, 0.9964950174342213, 0.995718930972045, 0.9949305549380209, 0.9941333349420767, 0.9941333349420767, 0.9933151182054991, 0.9924775843790181, 0.9916278604197892, 0.9907580114194203, 0.9898749828887438, 0.9880702882982452, 0.9871459942960957, 0.9861995455959076, 0.9861995455959076, 0.983198938459206, 0.983198938459206, 0.983198938459206, 0.9809643954172538, 0.9786287659043554, 0.9749497103934366, 0.9710757380342574, 0.9682972666807979, 0.9652427011707642, 0.9567458464069369, 0.9467797438401981, 0.9357385806467265]}}