{
    "best_model_name": "XGBoost",
    "all_results": {
        "Logistic Regression": {
            "Accuracy": 0.8048261178140526,
            "Precision": 0.6551724137931034,
            "Recall": 0.5588235294117647,
            "F1": 0.6031746031746031,
            "ROC-AUC": 0.8421917383554213
        },
        "Random Forest": {
            "Accuracy": 0.8034066713981547,
            "Precision": 0.6611295681063123,
            "Recall": 0.5320855614973262,
            "F1": 0.5896296296296296,
            "ROC-AUC": 0.8442313157146917
        },
        "XGBoost": {
            "Accuracy": 0.801277501774308,
            "Precision": 0.6631944444444444,
            "Recall": 0.5106951871657754,
            "F1": 0.5770392749244713,
            "ROC-AUC": 0.8448849104859334
        }
    }
}