{
    "best_model_name": "Logistic Regression",
    "all_results": {
        "Logistic Regression": {
            "Accuracy": 0.7374024130589071,
            "Precision": 0.5033557046979866,
            "Recall": 0.8021390374331551,
            "F1": 0.6185567010309279,
            "ROC-AUC": 0.8486166007905138
        },
        "Random Forest": {
            "Accuracy": 0.7551454932576295,
            "Precision": 0.5259391771019678,
            "Recall": 0.786096256684492,
            "F1": 0.6302250803858521,
            "ROC-AUC": 0.8435660957400087
        },
        "Gradient Boosting": {
            "Accuracy": 0.7934705464868701,
            "Precision": 0.6498194945848376,
            "Recall": 0.48128342245989303,
            "F1": 0.5529953917050692,
            "ROC-AUC": 0.8451445400294505
        },
        "XGBoost": {
            "Accuracy": 0.7416607523066004,
            "Precision": 0.5084459459459459,
            "Recall": 0.8048128342245989,
            "F1": 0.6231884057971014,
            "ROC-AUC": 0.8471724921852799
        }
    }
}