{
    "best_model_name": "XGBoost",
    "all_results": {
        "Logistic Regression": {
            "Accuracy": 0.7381121362668559,
            "Precision": 0.504302925989673,
            "Recall": 0.7834224598930482,
            "F1": 0.6136125654450262,
            "ROC-AUC": 0.8418300653594771
        },
        "Random Forest": {
            "Accuracy": 0.758694109297374,
            "Precision": 0.5311355311355311,
            "Recall": 0.7754010695187166,
            "F1": 0.6304347826086957,
            "ROC-AUC": 0.8425508279728228
        },
        "XGBoost": {
            "Accuracy": 0.7359829666430092,
            "Precision": 0.5016835016835017,
            "Recall": 0.7967914438502673,
            "F1": 0.6157024793388429,
            "ROC-AUC": 0.8443811516701543
        }
    }
}